<?xml version="1.0"?>
<Runs Version="1" Minor="0">
	<Run Id="dist_mem_gen_1_synth_1" LaunchDir="J:/ASsIgnMenTzzzz/COL216 and Comp Arch/project_7/project_7 modules/project_7.runs/dist_mem_gen_1_synth_1" FlowId="Vivado_Synthesis" FromStepId="vivado" ToStepId="vivado"/>
	<Run Id="dist_mem_gen_0_synth_1" LaunchDir="J:/ASsIgnMenTzzzz/COL216 and Comp Arch/project_7/project_7 modules/project_7.runs/dist_mem_gen_0_synth_1" FlowId="Vivado_Synthesis" FromStepId="vivado" ToStepId="vivado"/>
	<Run Id="synth_1" LaunchDir="J:/ASsIgnMenTzzzz/COL216 and Comp Arch/project_7/project_7 modules/project_7.runs/synth_1" FlowId="Vivado_Synthesis" FromStepId="vivado" ToStepId="vivado">
		<Parent Id="dist_mem_gen_1_synth_1"/>
		<Parent Id="dist_mem_gen_0_synth_1"/>
	</Run>
	<Parameters>
		<Parameter Name="runs.monitorLSFJobs" Val="true" Type="bool"/>
	</Parameters>
</Runs>

