<?xml version="1.0"?>
<Runs Version="1" Minor="0">
	<Run Id="dist_mem_gen_0_synth_1" LaunchDir="J:/ASsIgnMenTzzzz/COL216 and Comp Arch/Project8 working/project_7sundayspecial/project_7sundayspecial.runs/dist_mem_gen_0_synth_1" FlowId="Vivado_Synthesis" FromStepId="vivado" ToStepId="vivado"/>
	<Run Id="synth_1" LaunchDir="J:/ASsIgnMenTzzzz/COL216 and Comp Arch/Project8 working/project_7sundayspecial/project_7sundayspecial.runs/synth_1" FlowId="Vivado_Synthesis" FromStepId="vivado" ToStepId="vivado">
		<Parent Id="dist_mem_gen_0_synth_1"/>
	</Run>
	<Run Id="impl_1" LaunchDir="J:/ASsIgnMenTzzzz/COL216 and Comp Arch/Project8 working/project_7sundayspecial/project_7sundayspecial.runs/impl_1" FlowId="Vivado_Implementation" FromStepId="init_design" ToStepId="write_bitstream">
		<Parent Id="synth_1"/>
		<Parent Id="dist_mem_gen_0_synth_1"/>
	</Run>
	<Parameters>
		<Parameter Name="runs.monitorLSFJobs" Val="true" Type="bool"/>
	</Parameters>
</Runs>

